<?xml version="1.0" encoding="UTF-8" standalone="yes"?>
<services>
    <cloudstreamsCollectionKeys serviceName="WmCloudStreams.RestVS">
        <servicesKeys>
            <keyDetails collectionKey="TestDemoPackage.connectors:airTable" connectorServiceName="TestDemoPackage.connectors:airTable"/>
            <keyDetails collectionKey="TestDemoPackage.connectors:bigcartel" connectorServiceName="TestDemoPackage.connectors:bigcartel"/>
            <keyDetails collectionKey="TestDemoPackage.connectors:dummy" connectorServiceName="TestDemoPackage.connectors:dummy"/>
            <keyDetails collectionKey="TestDemoPackage.connectors:testAirtable" connectorServiceName="TestDemoPackage.connectors:testAirtable"/>
        </servicesKeys>
    </cloudstreamsCollectionKeys>
</services>
